ID,NumberOfIntegers,DataStructure,insert(),insertAt(),contains(),indexOf(),get(),delete()
0,100000,ArrayList,6.75,10.76,3.08,3.13,0.11,10.86
1,100000,ArrayList_Initialized,2.94,5.23,0.28,0.26,0.07,5.09
2,100000,LinkedList,8.39,1.57,2.8,0.84,1.5,0.17
3,100000,Vector,7.39,10.81,2.67,3.13,0.16,14.04
4,100000,Vector_Initialized,2.96,5.18,0.27,0.26,0.07,5.1
5,150000,ArrayList,5.44,12.7,0.62,0.62,0.12,12.77
6,150000,ArrayList_Initialized,4.16,12.73,0.61,0.6,0.12,12.76
7,150000,LinkedList,8.57,1.5,2.13,2.12,1.45,0.11
8,150000,Vector,4.9,11.94,1,0.73,0.15,11.99
9,150000,Vector_Initialized,1.74,12.37,0.54,0.57,0.1,11.47
10,200000,ArrayList,2.97,20.61,0.97,0.9,0.13,20.31
11,200000,ArrayList_Initialized,2.17,20.08,0.91,0.89,0.13,20.26
12,200000,LinkedList,2.13,2.31,3.27,3.27,2.25,0.13
13,200000,Vector,2.58,20.17,0.96,0.92,0.15,20.49
14,200000,Vector_Initialized,2.43,20.25,0.91,0.89,0.14,20.23
15,250000,ArrayList,2.48,31.32,1.5,1.41,0.17,31.52
16,250000,ArrayList_Initialized,2.04,31.88,1.43,1.44,0.17,31.82
17,250000,LinkedList,2.48,3.95,5.54,5.15,3.52,0.15
18,250000,Vector,1.9,31.44,1.45,1.42,0.16,32.42
19,250000,Vector_Initialized,1.72,32.18,1.49,1.76,0.18,32.15
20,300000,ArrayList,4.73,45.4,2.13,2.1,0.2,45.4
21,300000,ArrayList_Initialized,4.32,45.54,2.1,2.08,0.21,47.63
22,300000,LinkedList,6,5.16,7.33,7.41,5.1,0.18
23,300000,Vector,4.98,45.55,2.12,2.07,0.2,46.06
24,300000,Vector_Initialized,4.8,46.23,2.08,2.05,0.21,45.61
25,350000,ArrayList,5.03,72.75,2.95,2.96,0.24,74.64
26,350000,ArrayList_Initialized,6.1,74.55,2.94,2.91,0.24,74.5
27,350000,LinkedList,1.97,6.94,9.95,9.94,6.86,0.21
28,350000,Vector,2.76,72.64,2.94,2.89,0.25,74.18
29,350000,Vector_Initialized,2.46,73.13,2.99,2.92,0.26,74.54
30,400000,ArrayList,3.9,114.77,3.86,3.84,0.26,116.72
31,400000,ArrayList_Initialized,3.37,115.41,4,3.97,0.27,119.89
32,400000,LinkedList,4.82,9.13,13,13,9.11,0.23
33,400000,Vector,4.72,118.49,3.76,3.75,0.28,115.63
34,400000,Vector_Initialized,3.72,114.23,3.78,3.9,0.26,118.33
35,450000,ArrayList,8.66,163.23,5.16,5.23,0.31,163.08
36,450000,ArrayList_Initialized,7.91,160.09,5.04,4.97,0.31,161.74
37,450000,LinkedList,10.93,11.38,16.43,16.65,11.92,0.26
38,450000,Vector,10.17,163.61,4.82,4.86,0.3,163.12
39,450000,Vector_Initialized,9.18,161.13,4.97,5.09,0.31,163.35
40,500000,ArrayList,14.39,285.31,6.23,6.34,0.35,206.77
41,500000,ArrayList_Initialized,3.87,212.59,6.16,6.39,0.35,204.41
42,500000,LinkedList,3.21,14.08,21.77,20.33,14.1,0.28
43,500000,Vector,4.18,205.91,6.58,6.44,0.37,205.93
44,500000,Vector_Initialized,9.16,206.15,6.23,6.28,0.36,209.7
45,550000,ArrayList,10.33,249.02,7.6,7.45,0.38,249.66
46,550000,ArrayList_Initialized,9.7,243.05,7.12,7.19,0.38,248.22
47,550000,LinkedList,10.32,16.91,24.43,24.87,16.78,0.32
48,550000,Vector,11.54,254.38,7.29,7.45,0.38,252.33
49,550000,Vector_Initialized,11.37,252.91,7.73,7.63,0.4,252.3
50,600000,ArrayList,11.96,298.16,8.7,8.95,0.11,312.41
51,600000,ArrayList_Initialized,10.89,348.69,12.69,9.03,0.08,347.75
52,600000,LinkedList,11.78,21.12,31.23,38.89,28.49,0.47
53,600000,Vector,24.57,344.22,10.81,11.49,0.16,339.05
54,600000,Vector_Initialized,12.41,321.03,13.44,9.39,0.08,330.93
55,650000,ArrayList,10.29,409.1,12.69,10.54,0.06,376.79
56,650000,ArrayList_Initialized,7.63,370.02,10.73,10.8,0.06,369.06
57,650000,LinkedList,9.18,24.43,35.49,35.68,24.37,0.41
58,650000,Vector,8.85,388.88,10.51,11.09,0.33,383.3
59,650000,Vector_Initialized,8.83,371.11,10.97,11.25,0.06,371.72
60,700000,ArrayList,17.95,451.45,12.9,12.01,0.11,471.59
61,700000,ArrayList_Initialized,17.03,453.93,15.18,15.1,0.06,445.46
62,700000,LinkedList,16.14,28.09,41.02,40.68,27.31,0.47
63,700000,Vector,15.25,415.49,12.58,11.83,0.05,422.79
64,700000,Vector_Initialized,14.55,418.98,15.81,15.09,0.06,424.41
65,750000,ArrayList,19.78,490.68,21.16,15.06,0.07,501.8
66,750000,ArrayList_Initialized,16.26,511.69,15.67,15.66,0.18,496.85
67,750000,LinkedList,121.31,37.48,54.14,49.12,31.86,0.42
68,750000,Vector,9.02,512.33,14.69,14.86,0.08,503.78
69,750000,Vector_Initialized,24.62,498.43,15.07,14.4,0.18,495.37
70,800000,ArrayList,19.98,574.99,18.09,16.89,0.01,567.31
71,800000,ArrayList_Initialized,15.22,560.55,18.32,17.24,0,558.64
72,800000,LinkedList,111.19,41.27,58.68,55.11,35.58,0.44
73,800000,Vector,9.39,573.12,17.19,16.89,0.02,578.87
74,800000,Vector_Initialized,7.66,572.25,17.01,16.8,0.02,574.05
75,850000,ArrayList,21.99,623.88,19.03,19.42,0.01,641.74
76,850000,ArrayList_Initialized,15.81,621.99,22.82,20.47,0.01,636.04
77,850000,LinkedList,16.82,40.22,60.9,61.65,40.72,0.14
78,850000,Vector,22.94,637.85,19.41,19.68,0.02,637.47
79,850000,Vector_Initialized,21.06,631.9,18.67,19.16,0.02,634.87
80,900000,ArrayList,17.1,722.36,20.88,20.77,0.01,719.93
81,900000,ArrayList_Initialized,13.36,701.1,21.23,20.94,0.01,717.23
82,900000,LinkedList,11.61,46.15,68.39,68.56,45.56,0.1
83,900000,Vector,17.21,706.49,22.54,21.97,0.02,725.7
84,900000,Vector_Initialized,13.46,741.18,22.77,24.17,0.02,736.65
85,950000,ArrayList,22.76,820.6,23.29,28.18,0.01,796.54
86,950000,ArrayList_Initialized,17.7,794.04,21.73,24.28,0.01,793.51
87,950000,LinkedList,7.16,55.92,79.99,78.16,50.43,0.12
88,950000,Vector,9.73,786.4,23.41,23.9,0.02,818.25
89,950000,Vector_Initialized,9.27,819.66,24.08,24.02,0.02,803.34
90,1000000,ArrayList,21.03,902.22,26.69,27.51,0.01,904.94
91,1000000,ArrayList_Initialized,11.91,947.52,27.13,27.71,0.01,935.1
92,1000000,LinkedList,6.3,56.65,84.98,83.62,56.6,0.12
93,1000000,Vector,11.56,868.9,26.51,26.83,0.02,889.89
94,1000000,Vector_Initialized,10.21,909.39,31.84,28.76,0.02,889.32
95,1050000,ArrayList,27.65,968.47,27.7,28.03,0.01,985.19
96,1050000,ArrayList_Initialized,20.16,1039.33,31.26,29.49,0.01,998.3
97,1050000,LinkedList,20.61,63.55,96.07,97.17,87.58,0.21
98,1050000,Vector,29.03,991.8,30.04,29.48,0.02,992.47
99,1050000,Vector_Initialized,23.89,971.41,29.73,30.34,0.02,992.26
100,1100000,ArrayList,29.18,1019.39,29.89,29.45,0.01,982.18
101,1100000,ArrayList_Initialized,21.64,1001.73,29.69,29.59,0.01,1016.25
102,1100000,LinkedList,20.12,61.82,95.9,95.88,62.15,0.05
103,1100000,Vector,28.91,1009.48,31.05,30.94,0.02,1002.61
104,1100000,Vector_Initialized,21.54,987.37,30.1,30.7,0.02,998.62
105,1150000,ArrayList,24.56,968.8,27.77,28.03,0.01,968.61
106,1150000,ArrayList_Initialized,18.26,962.97,29.14,29.89,0.01,1012.16
107,1150000,LinkedList,234.37,72.77,105.33,95.98,62.49,0.04
108,1150000,Vector,10.57,992.86,30.65,30.1,0.02,1005.27
109,1150000,Vector_Initialized,7.41,998.84,31.45,31.36,0.03,1008.78
110,1200000,ArrayList,25.02,1019.25,29.97,32.8,0.01,1012.15
111,1200000,ArrayList_Initialized,23.47,1006.68,30.29,33.85,0.01,1000.89
112,1200000,LinkedList,21.36,61.08,90.51,92.03,61.15,0.05
113,1200000,Vector,29.68,975.27,29.09,29.46,0.02,994.44
114,1200000,Vector_Initialized,26.02,993.09,29.29,30.08,0.02,993.09
115,1250000,ArrayList,18.32,996.58,32.45,31.56,0.01,1003.12
116,1250000,ArrayList_Initialized,17.15,1009.75,31.91,30.09,0.01,1007.63
117,1250000,LinkedList,17.75,61.73,97.32,96.95,61.73,0.04
118,1250000,Vector,20.09,1014.33,36.96,33.93,0.03,1011.41
119,1250000,Vector_Initialized,22.16,1014.47,32.8,33.35,0.02,1014
120,1300000,ArrayList,25.56,1003.45,29.86,29.78,0.01,1007.13
121,1300000,ArrayList_Initialized,19.3,1011.83,29.7,31.33,0.01,1015.86
122,1300000,LinkedList,19.17,63.74,93.81,94.77,62.02,0.05
123,1300000,Vector,27.99,1010.48,33.07,32.03,0.02,1003.01
124,1300000,Vector_Initialized,21.29,992.23,34.33,30.03,0.02,996.37
125,1350000,ArrayList,14.59,1023.14,30.38,30.09,0.01,1008.07
126,1350000,ArrayList_Initialized,9.68,975.03,32.52,30.55,0.01,1010.38
127,1350000,LinkedList,7.61,62.45,92.87,93.47,61.53,0.06
128,1350000,Vector,15.19,996.8,31.17,31.05,0.02,1023.68
129,1350000,Vector_Initialized,12.04,986.94,32.67,30.87,0.02,1040.03
130,1400000,ArrayList,14.07,1035.02,28.75,29.15,0.01,1007.96
131,1400000,ArrayList_Initialized,13.29,998.19,28.69,27.2,0.01,1002.4
132,1400000,LinkedList,10.9,62.28,92.53,93.76,61.35,0.05
133,1400000,Vector,17.12,996.9,33.64,31.91,0.02,1007.14
134,1400000,Vector_Initialized,13.3,998.57,29.34,31.1,0.02,1005.26
135,1450000,ArrayList,14.61,984.82,30.55,29.66,0.01,1015.21
136,1450000,ArrayList_Initialized,13.79,970.52,28.05,27.85,0.01,987.21
137,1450000,LinkedList,10.62,62.91,91.5,90.9,61.91,0.05
138,1450000,Vector,122.51,997.15,30.03,29.34,0.02,993.15
139,1450000,Vector_Initialized,9.71,990.29,29.59,29.73,0.02,1023.34
140,1500000,ArrayList,13.31,991.99,29.26,29.38,0.01,1016.84
141,1500000,ArrayList_Initialized,11.49,996.38,31.76,30.17,0.01,990.32
142,1500000,LinkedList,10.8,63.46,92.18,90.15,62.1,0.03
143,1500000,Vector,18.08,980.44,31.01,31.16,0.02,994.34
144,1500000,Vector_Initialized,12.12,993.93,30.59,29.56,0.03,1012.44
145,1550000,ArrayList,18.81,1000.22,30.58,30.02,0.01,1002.53
146,1550000,ArrayList_Initialized,15.9,983.77,30.19,29.62,0.01,1007.65
147,1550000,LinkedList,13.57,62.2,93.69,92.26,61.43,0.05
148,1550000,Vector,20.03,989.12,29.04,28,0.03,978.15
149,1550000,Vector_Initialized,12.8,989.81,29.09,28.96,0.02,966.79
150,1600000,ArrayList,21.73,988.07,31.23,31,0.01,1017.92
151,1600000,ArrayList_Initialized,15.42,1024.45,29.39,31.85,0.01,1007.76
152,1600000,LinkedList,13.33,61.39,93.26,100.89,63.13,0.05
153,1600000,Vector,21.78,1044.86,32.22,29.5,0.02,978.74
154,1600000,Vector_Initialized,19.89,988.11,29.5,30.7,0.02,1001.03
155,1650000,ArrayList,25.96,1021.23,37.1,31.96,0.01,1015.43
156,1650000,ArrayList_Initialized,17.72,974.9,30.27,30.39,0.01,995.88
157,1650000,LinkedList,19.01,61.26,97.21,96.97,61.9,0.06
158,1650000,Vector,25.44,1016.27,36.97,33.46,0.02,1021.45
159,1650000,Vector_Initialized,28.85,1261.72,35.93,41.6,0.04,1090.17
160,1700000,ArrayList,161.45,1029.59,30.77,28.73,0.01,1004.85
161,1700000,ArrayList_Initialized,8.55,1045.78,33.11,31.27,0.01,1293.77
162,1700000,LinkedList,5.43,74.89,105.94,107.85,76.21,0.04
163,1700000,Vector,9.38,1076.29,29.47,30.34,0.02,1034.77
164,1700000,Vector_Initialized,8.53,1081.79,42.6,40.66,0.03,1015.65
165,1750000,ArrayList,17.97,1097.39,41.49,42.82,0.01,1024.5
166,1750000,ArrayList_Initialized,11.99,1028.58,31.8,31.83,0.02,993.26
167,1750000,LinkedList,10.85,60.6,92.08,96.19,65.02,0.16
168,1750000,Vector,14.14,995.88,30.24,30.93,0.02,1013.73
169,1750000,Vector_Initialized,15.24,1009.24,30.57,29.25,0.02,1006.81
170,1800000,ArrayList,19.35,1017.37,32.95,27.84,0.01,1133.25
171,1800000,ArrayList_Initialized,13.97,1136.87,42.93,39.21,0.01,1021.91
172,1800000,LinkedList,11.05,60.8,96.01,108.84,67.73,0.06
173,1800000,Vector,14.76,996.94,30.76,32.62,0.02,1056.91
174,1800000,Vector_Initialized,15.26,1001.19,31.73,32.03,0.02,1020.74
175,1850000,ArrayList,14.82,985.85,29.43,28.25,0.01,986.76
176,1850000,ArrayList_Initialized,15,992.96,30.56,30.17,0.01,1006.82
177,1850000,LinkedList,12.78,60.6,92.52,101.82,64.92,0.05
178,1850000,Vector,21.16,987.52,30.16,28.88,0.02,994.02
179,1850000,Vector_Initialized,16.21,990.48,33.06,30.96,0.02,995.26
180,1900000,ArrayList,26.81,1072.7,28.99,30.28,0.01,968.48
181,1900000,ArrayList_Initialized,15.93,976.66,34.77,31.22,0.01,978.17
182,1900000,LinkedList,16.23,61.04,92.72,91.72,60.35,0.05
183,1900000,Vector,23.37,1015.67,34.04,36,0.02,1011.68
184,1900000,Vector_Initialized,14.58,1137.8,32.02,35.33,0.05,1081.13
185,1950000,ArrayList,10.98,1084.82,30.91,34.76,0.01,1228.64
186,1950000,ArrayList_Initialized,17.28,1299.91,45.35,36.3,0.01,1152.15
187,1950000,LinkedList,11.16,71.72,105.47,107.12,73.06,0.04
188,1950000,Vector,17.83,1186.9,46.24,45.24,0.06,1190.91
189,1950000,Vector_Initialized,15.72,1047.38,34.54,33.58,0.02,1016.18
190,2000000,ArrayList,27.59,974.95,31.83,30.06,0.01,972.3
191,2000000,ArrayList_Initialized,19.9,1029.62,50.6,45.74,0.01,1106.19
192,2000000,LinkedList,284.27,83.53,127.04,116.63,74.12,0.07
193,2000000,Vector,10.44,1675.16,45.67,43.76,0.03,1429.46
194,2000000,Vector_Initialized,10.84,1349.35,39.95,38.82,0.04,1236.53
195,2050000,ArrayList,19.78,1228.67,36.99,35.16,0.01,1166.25
196,2050000,ArrayList_Initialized,10.92,1095.27,32.56,31.83,0.01,1084.48
197,2050000,LinkedList,11.27,73.71,101.55,104.71,69.61,0.08
198,2050000,Vector,13.2,1078.6,37.09,36.56,0.03,1266.51
199,2050000,Vector_Initialized,19.43,1219.32,37.35,38.91,0.03,1216.1
200,2100000,ArrayList,32.51,1249.03,37.4,36.55,0.01,1136.11
201,2100000,ArrayList_Initialized,25.08,1115.89,33.17,32.86,0.01,1081.84
202,2100000,LinkedList,167.16,84.7,114.1,102.85,66.16,0.06
203,2100000,Vector,9.81,1029.21,33.11,33.3,0.02,1091.07
204,2100000,Vector_Initialized,10.85,1063.15,31.55,31.26,0.02,1026.91
205,2150000,ArrayList,88.96,1068.18,32.11,29.8,0.01,1045.19
206,2150000,ArrayList_Initialized,9.21,1022.52,29.55,30.04,0.01,1024.69
207,2150000,LinkedList,9.52,68.44,95.37,97.63,63.74,0.04
208,2150000,Vector,12.04,1024.5,30.89,31.56,0.02,997.06
209,2150000,Vector_Initialized,9.15,1044.3,30.45,30.11,0.02,1024.99
210,2200000,ArrayList,10.69,1007.05,30.2,29.4,0.01,1072.64
211,2200000,ArrayList_Initialized,9.27,1050.83,31.02,30.69,0.01,1031.94
212,2200000,LinkedList,9.07,77.75,104.34,97.65,63.6,0.06
213,2200000,Vector,10.02,1007.84,31.93,29.59,0.02,1019.29
214,2200000,Vector_Initialized,10.13,1025.75,32.18,30.78,0.02,1070.81
215,2250000,ArrayList,14.41,1041.79,32.39,31.41,0.01,1081.47
216,2250000,ArrayList_Initialized,13.58,1064.09,30.27,30.06,0.01,1023.68
217,2250000,LinkedList,10.79,69.44,96.75,96.47,66.24,0.05
218,2250000,Vector,19.63,1065.27,30.23,31,0.02,1044.72
219,2250000,Vector_Initialized,15.94,1030.61,31.63,31.41,0.03,1020.54
220,2300000,ArrayList,17.15,1017.37,28.91,28.94,0.01,1026.01
221,2300000,ArrayList_Initialized,15.67,1035.09,31.31,31.18,0.01,1017.38
222,2300000,LinkedList,13.83,63.18,92.28,95.91,61.28,0.07
223,2300000,Vector,22.1,1019.95,30.74,32.01,0.02,1053.46
224,2300000,Vector_Initialized,17.93,1037.61,33.45,30.89,0.03,1034.96
225,2350000,ArrayList,22.16,1053.53,30.9,30.85,0.01,1037.68
226,2350000,ArrayList_Initialized,21.27,1065.37,30.9,30.08,0.01,1032.39
227,2350000,LinkedList,19.98,68.37,97.12,96.3,61.91,0.05
228,2350000,Vector,138.18,1069.29,31.58,30.79,0.03,1077.81
229,2350000,Vector_Initialized,9.3,1030.54,32.19,31.84,0.02,1053.37
230,2400000,ArrayList,11.1,1017.75,29.74,30.05,0.01,1086.25
231,2400000,ArrayList_Initialized,10.79,1047.89,30.36,30.33,0.01,1029.08
232,2400000,LinkedList,8.23,68.49,95.31,95.15,69.7,0.08
233,2400000,Vector,14.16,1088.99,35.05,37.17,0.04,1138.96
234,2400000,Vector_Initialized,12.83,1144.64,34.6,33.64,0.02,1068.72
235,2450000,ArrayList,13.29,1030.83,30.67,30.12,0.01,1051.82
236,2450000,ArrayList_Initialized,13.2,1081.07,31.53,31.24,0.01,1028.23
237,2450000,LinkedList,10.45,68.4,96.34,97.61,64.05,0.05
238,2450000,Vector,17.7,1083.76,29.94,31.1,0.02,1022.81
239,2450000,Vector_Initialized,14.01,1026.7,31.21,32.27,0.02,1028.37
240,2500000,ArrayList,19.28,1034.72,31.96,34.25,0.01,1037.95
241,2500000,ArrayList_Initialized,13.43,1029.23,32.86,32.15,0.01,1028.87
242,2500000,LinkedList,10.99,68.04,114.37,103.05,63.75,0.05
243,2500000,Vector,13.29,1049.02,29.02,29.04,0.03,1038.97
244,2500000,Vector_Initialized,15.4,1067.79,34.17,33.27,0.02,1045.16
245,2550000,ArrayList,14.81,1056.35,30.53,31.23,0.01,1035.33
246,2550000,ArrayList_Initialized,15.57,1038.64,32.14,29.02,0.01,1072.58
247,2550000,LinkedList,13.37,64.17,93.73,93.86,62.21,0.05
248,2550000,Vector,19.91,1023.85,31.16,31.5,0.03,1041.15
249,2550000,Vector_Initialized,16.89,1010.66,31.53,30.76,0.03,1137.43
250,2600000,ArrayList,19.76,1158.23,34.77,35.63,0.01,1149.29
251,2600000,ArrayList_Initialized,15.02,1023.03,30.19,29.7,0.01,1094.55
252,2600000,LinkedList,15.06,77.07,110.93,109.1,71.04,0.07
253,2600000,Vector,20.08,1144.75,36.4,37.41,0.02,1157.75
254,2600000,Vector_Initialized,16.5,1049.5,31.15,31.27,0.02,1045.11
255,2650000,ArrayList,16.14,1022.77,29.55,29.81,0.01,1031.16
256,2650000,ArrayList_Initialized,16.26,1024.05,30.54,31.66,0.01,1027.48
257,2650000,LinkedList,14.84,68.1,95.3,95.95,62.02,0.06
258,2650000,Vector,19.02,1008.28,35,32.15,0.02,1008.3
259,2650000,Vector_Initialized,17.77,1023.89,31.3,32.1,0.02,1029.77
260,2700000,ArrayList,18.11,1026.46,29.82,29.44,0.01,1029.41
261,2700000,ArrayList_Initialized,12.5,1034.61,33.19,31.05,0.01,1542.89
262,2700000,LinkedList,10.53,77.93,106.53,100.64,65.09,0.06
263,2700000,Vector,12.81,1062.9,40.58,35.08,0.02,1080.42
264,2700000,Vector_Initialized,16.94,1226.6,44.16,41.74,0.03,1190.01
265,2750000,ArrayList,19.45,1028.54,31.08,30.11,0.01,1020.69
266,2750000,ArrayList_Initialized,15.84,1100.9,30.49,29.56,0.01,1010.16
267,2750000,LinkedList,10.44,61.27,90.95,90.91,60.57,0.04
268,2750000,Vector,16.13,995.67,30.4,30.64,0.02,1007.67
269,2750000,Vector_Initialized,14.8,995.71,30.85,30.92,0.02,1118.46
270,2800000,ArrayList,16.71,1183.85,35.41,35.08,0.01,1111.42
271,2800000,ArrayList_Initialized,12.89,1041.17,31.3,33.56,0.01,1044.42
272,2800000,LinkedList,9.44,68.49,97.76,96.11,62.66,0.05
273,2800000,Vector,160.7,1085.41,33.12,31.17,0.03,1086.1
274,2800000,Vector_Initialized,8.78,1040.05,30.99,30.69,0.02,1077.07
275,2850000,ArrayList,24.72,1057.04,30.4,32.74,0.01,1032.44
276,2850000,ArrayList_Initialized,20.05,1119.8,37.17,35.9,0.01,1132.74
277,2850000,LinkedList,25.58,76.06,107.59,105.46,72.62,0.06
278,2850000,Vector,27.76,1128.63,33.16,33.13,0.02,1054.85
279,2850000,Vector_Initialized,28.21,1031.62,31.04,31.01,0.02,1032.74
280,2900000,ArrayList,27.23,1026.98,29.81,28.76,0.01,1011.43
281,2900000,ArrayList_Initialized,20.06,1028.45,30.66,31.78,0.01,1042.68
282,2900000,LinkedList,23.12,71.19,101.8,101.74,71.27,0.06
283,2900000,Vector,28.39,1067.05,32.95,32.11,0.02,1103.86
284,2900000,Vector_Initialized,23.4,1023.69,31.2,31.84,0.02,1037.15
285,2950000,ArrayList,12.56,1036.01,29.33,30.5,0.01,1026.36
286,2950000,ArrayList_Initialized,9.47,1032,34.09,31.83,0.01,1010.88
287,2950000,LinkedList,8.68,72.1,101.9,98.97,68.07,0.06
288,2950000,Vector,11.81,1043.04,32.03,33,0.03,1063.76
289,2950000,Vector_Initialized,13.23,1019.51,31.04,30.95,0.02,1026.62
290,3000000,ArrayList,15.17,1039.66,31.63,31.72,0.01,1021.08
291,3000000,ArrayList_Initialized,13.4,1037.82,31.4,31.38,0.01,1021.7
292,3000000,LinkedList,12.24,69,95.6,96.51,89.09,0.05
293,3000000,Vector,15.26,1072.74,37.76,38.49,0.02,1090.39
294,3000000,Vector_Initialized,15.17,1090.1,31.44,31.79,0.02,1023.45
295,3050000,ArrayList,13.79,1008.77,31.44,31.24,0.01,1036
296,3050000,ArrayList_Initialized,11.16,1017.66,30.89,29.92,0.01,1038.72
297,3050000,LinkedList,11.18,68.49,99.8,95.49,62.17,0.04
298,3050000,Vector,13.15,1054.19,33.7,34.45,0.02,1037.51
299,3050000,Vector_Initialized,13.07,1032.36,31.26,33.26,0.02,1055.22
300,3100000,ArrayList,15.08,1038.05,30.66,29.47,0.01,1070.41
301,3100000,ArrayList_Initialized,14.24,1032.97,32.42,31.37,0.01,1040.48
302,3100000,LinkedList,13.65,66.26,94.71,95.4,62.03,0.05
303,3100000,Vector,16.85,1038.75,33.66,33.36,0.02,1045.56
304,3100000,Vector_Initialized,19.66,1011.67,30.68,28.74,0.02,1046.13
305,3150000,ArrayList,23.57,1053.4,31.73,31.5,0.01,1058.32
306,3150000,ArrayList_Initialized,18.36,1111.53,33.25,32.51,0.01,1036.59
307,3150000,LinkedList,15.66,68.95,96.32,96.5,63.1,0.05
308,3150000,Vector,24.8,1075.48,34.94,33.28,0.02,1042.67
309,3150000,Vector_Initialized,17.4,1021.2,32.44,30.56,0.02,1038.66
310,3200000,ArrayList,28.29,1059.74,30.78,34.69,0.01,1038.02
311,3200000,ArrayList_Initialized,18.49,1002.62,31.6,31.21,0.01,1039.59
312,3200000,LinkedList,19.49,64.24,97.51,96.72,62.75,0.05
313,3200000,Vector,27.42,1025.03,32.44,31.83,0.02,1062.67
314,3200000,Vector_Initialized,20.59,1029.1,31.95,32.26,0.02,1037.11
315,3250000,ArrayList,16.09,1062.18,30.4,31,0.01,1044.52
316,3250000,ArrayList_Initialized,14.54,1037.47,31.31,33.72,0.01,1040.94
317,3250000,LinkedList,12.52,65.78,99.11,97.84,62.71,0.03
318,3250000,Vector,19.48,1039.85,31,31.79,0.03,1034.76
319,3250000,Vector_Initialized,15.44,999.78,31.81,32,0.02,1074.24
320,3300000,ArrayList,16.63,1037.54,34.07,32.39,0.01,1073.02
321,3300000,ArrayList_Initialized,16.25,1085.45,31.02,30.96,0.01,1058.85
322,3300000,LinkedList,16.06,70.76,97.56,97.18,65.39,0.05
323,3300000,Vector,22.75,999.84,31.83,31.57,0.02,1041.54
324,3300000,Vector_Initialized,17.99,1084.4,32.5,31.85,0.02,1040.59
325,3350000,ArrayList,24.49,1045.56,34.22,30.79,0.01,1034.68
326,3350000,ArrayList_Initialized,16.56,1034.5,29.84,32.72,0.01,1033.42
327,3350000,LinkedList,16.2,69.53,116.51,99.44,65.14,0.06
328,3350000,Vector,19.98,1016.62,31.01,29.65,0.02,1036.3
329,3350000,Vector_Initialized,19.46,1075,37.25,34.1,0.03,1090.72
330,3400000,ArrayList,20.77,1049.2,35.45,34.47,0.01,1043.16
331,3400000,ArrayList_Initialized,22.71,1031.77,36.81,35.82,0.01,1043.58
332,3400000,LinkedList,185.46,86.97,113.21,101.75,67.66,0.05
333,3400000,Vector,9.08,1014.1,29.56,29.67,0.05,1028.79
334,3400000,Vector_Initialized,9.51,1033.39,31.4,31.51,0.02,1043.42
335,3450000,ArrayList,27.34,1002.83,31.16,32.36,0.01,1047.3
336,3450000,ArrayList_Initialized,13.5,1131.39,30.5,29.78,0.01,1027.27
337,3450000,LinkedList,6.59,69.07,96.36,95.12,63.87,0.05
338,3450000,Vector,10.22,1028.38,32.35,32.49,0.02,1019
339,3450000,Vector_Initialized,8.87,1053.65,31.21,29.52,0.02,1037.03
340,3500000,ArrayList,11.23,1038.39,29.77,29.54,0.01,1013.84
341,3500000,ArrayList_Initialized,9.76,1092.42,32.4,31.28,0.01,1070.72
342,3500000,LinkedList,8.75,69.94,98.12,95.29,62.53,0.04
343,3500000,Vector,11.84,1018.78,30.76,32.18,0.02,1019.96
344,3500000,Vector_Initialized,12.03,1032.08,34.09,32.08,0.02,1051.08
345,3550000,ArrayList,14.35,1049.9,32.58,32.29,0.01,1019.93
346,3550000,ArrayList_Initialized,8.87,1067.68,34.09,31.04,0.01,1080.43
347,3550000,LinkedList,8.26,71.27,98.86,95.85,63.41,0.08
348,3550000,Vector,11.38,1001.39,32.87,30.77,0.02,1030.95
349,3550000,Vector_Initialized,9.65,1043.24,33.08,33.14,0.02,1025.56
350,3600000,ArrayList,13.46,1018.07,31.8,28.8,0.01,1019.04
351,3600000,ArrayList_Initialized,10.73,1083.17,32.59,32.6,0.01,1037.14
352,3600000,LinkedList,7,64.38,124.84,102.81,63.67,0.04
353,3600000,Vector,14.47,1024.7,30.62,30.9,0.02,1049.79
354,3600000,Vector_Initialized,11.68,1044.37,31.81,32.03,0.02,1030.18
355,3650000,ArrayList,21.2,1202.8,30.54,30.71,0.01,1049.59
356,3650000,ArrayList_Initialized,15.06,1050.97,30,29.76,0.01,1036.97
357,3650000,LinkedList,7.16,66.71,98.18,97.93,93.26,0.15
358,3650000,Vector,13.46,1177.81,33.93,32.43,0.02,1186.17
359,3650000,Vector_Initialized,9.69,1027.39,30.55,32.97,0.02,1117.21
360,3700000,ArrayList,10.61,1057.74,30.06,29.54,0.01,1023.24
361,3700000,ArrayList_Initialized,8.91,1023.97,29.87,30.65,0.01,1028.46
362,3700000,LinkedList,8.76,69.78,98.81,95.28,62.35,0.05
363,3700000,Vector,10.94,998.65,31.79,32.12,0.02,1012.87
364,3700000,Vector_Initialized,9.29,1202.02,33.61,33.31,0.02,1061.71
365,3750000,ArrayList,21.61,1033.08,30.11,29.67,0.01,1027.63
366,3750000,ArrayList_Initialized,19.3,1021.6,30.11,30.18,0.01,1022.13
367,3750000,LinkedList,21.09,68.01,96.44,96.3,63.26,0.06
368,3750000,Vector,24.49,999.05,29.84,30.88,0.02,1008.07
369,3750000,Vector_Initialized,23.37,1021.63,32.07,31.31,0.02,1023.72
370,3800000,ArrayList,22.57,1077.53,30.18,29.73,0.01,1029.98
371,3800000,ArrayList_Initialized,19.74,1017.85,30.84,30.36,0.01,1022.32
372,3800000,LinkedList,201,85.97,115.11,102.88,68.84,0.09
373,3800000,Vector,9.27,1012.54,30.62,30.23,0.02,1014.88
374,3800000,Vector_Initialized,8.5,1014.11,31.8,31.65,0.02,1024.67
375,3850000,ArrayList,22.98,1048.15,29.74,30.2,0.01,1071.13
376,3850000,ArrayList_Initialized,21.46,1029.07,30.67,30.12,0.01,1063.05
377,3850000,LinkedList,192.89,87.21,114.49,103.68,66.82,0.06
378,3850000,Vector,143.4,1052.05,29.9,30.15,0.02,1014.51
379,3850000,Vector_Initialized,9.74,1010.71,30.38,32.09,0.03,1016.08
380,3900000,ArrayList,22.14,1003.14,30.19,30.07,0.01,1002.3
381,3900000,ArrayList_Initialized,19.77,1017.68,30.11,30.07,0.01,1022.41
382,3900000,LinkedList,21.64,70,104.17,109.67,69.72,0.06
383,3900000,Vector,26.26,1053.24,31.72,31.24,0.02,1026.1
384,3900000,Vector_Initialized,22.88,1020.75,32.51,32.42,0.02,1012.76
385,3950000,ArrayList,20.82,1030.51,35.79,37.6,0.01,1091.04
386,3950000,ArrayList_Initialized,19.39,1015.85,30.45,29.58,0.02,1019.03
387,3950000,LinkedList,21.03,69,95.45,95.03,62.21,0.04
388,3950000,Vector,27.3,1060.29,31.84,32.51,0.05,1026.92
389,3950000,Vector_Initialized,22.97,1015.63,32.53,30.57,0.03,1057.47
390,4000000,ArrayList,23.9,1080.36,34.79,34.39,0.01,1072.5
391,4000000,ArrayList_Initialized,18.82,1021.87,32.29,32.6,0.01,1022.71
392,4000000,LinkedList,8.12,86.1,111.75,101.42,67.09,0.06
393,4000000,Vector,10.42,1020.45,31.03,32.99,0.03,1030.36
394,4000000,Vector_Initialized,8.72,1004.98,30.93,32.63,0.03,1009.94
395,4050000,ArrayList,21.27,1023.05,32.17,30.89,0.01,1006.13
396,4050000,ArrayList_Initialized,19.87,1006,30.62,31.5,0.01,1056.47
397,4050000,LinkedList,24.32,71.3,99.92,102.93,67.54,0.09
398,4050000,Vector,25.5,1050.06,31.88,32.64,0.02,1025.84
399,4050000,Vector_Initialized,14.08,1092.17,30.89,31.92,0.02,1017.17
400,4100000,ArrayList,16.86,1002.38,30.89,28.79,0.02,1015.55
401,4100000,ArrayList_Initialized,14.51,1016.65,29.5,29.54,0.01,1025.39
402,4100000,LinkedList,15.26,68.27,98.17,95.62,63.07,0.03
403,4100000,Vector,18.33,987.29,29.73,29.97,0.02,1009.17
404,4100000,Vector_Initialized,16.38,1016.04,34.15,31.61,0.03,1014.57
405,4150000,ArrayList,20.77,993.89,31.49,31.1,0.01,1009.32
406,4150000,ArrayList_Initialized,24.83,1023.23,30.53,30.24,0.01,1021.09
407,4150000,LinkedList,400.86,83.57,116.26,105.56,67.96,0.06
408,4150000,Vector,8.68,1004.5,30.65,33.04,0.03,1027.83
409,4150000,Vector_Initialized,9.4,1018.87,30.77,31.25,0.02,1019.62
410,4200000,ArrayList,20.31,1009.32,32.37,27.39,0.01,1010.09
411,4200000,ArrayList_Initialized,20.45,1044.34,30.63,30.4,0.01,1027.52
412,4200000,LinkedList,20.65,68.31,97.25,94.79,63.09,0.07
413,4200000,Vector,24.29,988.39,32.96,32.08,0.02,1017.13
414,4200000,Vector_Initialized,22.38,1015.22,31.16,31.39,0.02,1026.97
415,4250000,ArrayList,14.52,1029.72,30.46,30.02,0.01,1022.58
416,4250000,ArrayList_Initialized,12.77,1019.4,29.95,29.87,0.01,1066.94
417,4250000,LinkedList,12.03,70.13,98.42,94.69,62.73,0.05
418,4250000,Vector,16.01,992.16,31.17,30.59,0.02,1020.19
419,4250000,Vector_Initialized,15.68,1053.05,31.66,30.85,0.02,1018.56
420,4300000,ArrayList,15.58,996.6,30.44,29.76,0.01,1012.57
421,4300000,ArrayList_Initialized,14.43,1017.3,29.37,30.24,0.01,1022.41
422,4300000,LinkedList,13.32,69.42,98.08,93.27,63.21,0.06
423,4300000,Vector,15.91,987.22,31.28,32.22,0.02,1012.49
424,4300000,Vector_Initialized,15.63,1022.19,31,30.65,0.02,1015.7
425,4350000,ArrayList,18.16,1021.95,29.32,29.82,0.01,1029.72
426,4350000,ArrayList_Initialized,16.39,1012.84,29.82,29.36,0.01,1043.41
427,4350000,LinkedList,17.39,72.1,100.07,99.62,66.59,0.05
428,4350000,Vector,20.09,992.09,31.58,31.12,0.02,1020.43
429,4350000,Vector_Initialized,19.28,1018.31,33.14,33.2,0.02,1020.18
430,4400000,ArrayList,11.92,1037.58,30.58,30.37,0.01,1004
431,4400000,ArrayList_Initialized,9.23,1011.69,30.75,29.76,0.01,1050.76
432,4400000,LinkedList,8.19,70.16,98.15,95.73,62.59,0.05
433,4400000,Vector,10.89,989.68,30.07,30.26,0.03,1010.06
434,4400000,Vector_Initialized,10.4,1090.49,35.88,36.25,0.02,1097.91
435,4450000,ArrayList,14.11,994.36,30.17,29.65,0.01,1142.38
436,4450000,ArrayList_Initialized,16.84,1137.79,33.3,33.38,0.01,1121.74
437,4450000,LinkedList,14.24,71.03,99.24,94.89,64.09,0.05
438,4450000,Vector,17.41,1011.15,32.42,32.14,0.02,1016.17
439,4450000,Vector_Initialized,15.87,1041.88,32.36,32.48,0.02,1020.6
440,4500000,ArrayList,12.69,1009.12,29.44,29.52,0.01,1030.65
441,4500000,ArrayList_Initialized,11.95,1022.36,29.91,29.21,0.01,1025.32
442,4500000,LinkedList,10.75,67.65,95.86,97.09,62.49,0.05
443,4500000,Vector,13.37,1013.35,30.26,31.76,0.02,1018.76
444,4500000,Vector_Initialized,13.36,1012.56,32.46,30.62,0.02,1010.09
445,4550000,ArrayList,15.31,1013.78,28.54,29.06,0.01,1012.55
446,4550000,ArrayList_Initialized,14.27,1003.48,29.46,30.32,0.01,1017.25
447,4550000,LinkedList,14.17,68.15,96.33,94.7,63.23,0.05
448,4550000,Vector,17.15,998.58,31.49,30.14,0.02,1052.95
449,4550000,Vector_Initialized,15.71,1033.04,33.38,32.94,0.03,1039.46
450,4600000,ArrayList,16.94,1034.62,30.18,30.04,0.01,1023.79
451,4600000,ArrayList_Initialized,15.84,1020.64,30.41,29.65,0.01,1021.21
452,4600000,LinkedList,15.85,67.99,95.77,95.2,62.78,0.06
453,4600000,Vector,18.12,1014.12,30.19,31.22,0.02,1005.48
454,4600000,Vector_Initialized,19.34,1026.11,31.07,31.43,0.02,1028.76
455,4650000,ArrayList,20.06,1022.47,34.82,33.82,0.01,1050.12
456,4650000,ArrayList_Initialized,18.4,1030.79,33.61,32.68,0.01,1022.84
457,4650000,LinkedList,189.08,86.02,114.9,103.12,66.96,0.05
458,4650000,Vector,10.5,1010.13,30.31,30.35,0.02,1025.84
459,4650000,Vector_Initialized,24.48,1066.1,30.91,31.74,0.02,1010.36
460,4700000,ArrayList,21.12,1014.05,30.78,30.91,0.01,1030.02
461,4700000,ArrayList_Initialized,19.16,1019.19,29.44,28.94,0.01,1021.83
462,4700000,LinkedList,22.23,62.96,95.67,97.3,62.58,0.05
463,4700000,Vector,23.44,996.24,33.56,32.49,0.02,1025.09
464,4700000,Vector_Initialized,21.71,1012.13,33.23,32.81,0.02,1019.11
465,4750000,ArrayList,21.39,1025.47,30.03,30.14,0.01,1023.4
466,4750000,ArrayList_Initialized,19.76,1025.64,30.48,29.93,0.01,1022.59
467,4750000,LinkedList,19.75,67.81,96.16,96.3,62.03,0.05
468,4750000,Vector,23.07,1001.72,29.82,31.98,0.02,1016.74
469,4750000,Vector_Initialized,21.43,1029.4,35.03,33.74,0.05,1077.55
470,4800000,ArrayList,12.74,1042.66,31.05,30.8,0.01,1028.18
471,4800000,ArrayList_Initialized,11.2,986.24,30.9,30.53,0.01,1039.18
472,4800000,LinkedList,12.88,63.75,96.82,95.92,63.72,0.05
473,4800000,Vector,13.49,1000.37,32.01,31.9,0.04,1002.05
474,4800000,Vector_Initialized,12.58,991.05,31.25,31.19,0.02,1129.2
475,4850000,ArrayList,14.5,1171.32,30.66,30.84,0.01,1108.54
476,4850000,ArrayList_Initialized,10.53,1074.65,31,30.59,0.01,1622.29
477,4850000,LinkedList,13.91,101.74,135.8,114.99,75.76,0.08
478,4850000,Vector,12.67,1095.98,35.59,34.32,0.02,1022.28
479,4850000,Vector_Initialized,15,1126.28,35.76,34.03,0.02,1042.92
480,4900000,ArrayList,23.94,1075.32,31.81,32.01,0.01,1003.04
481,4900000,ArrayList_Initialized,19.78,1011.64,29.82,29.68,0.01,1017.48
482,4900000,LinkedList,22.34,68.48,97.53,94.89,62.04,0.05
483,4900000,Vector,23.81,1000.39,29.88,29.29,0.02,1025.64
484,4900000,Vector_Initialized,22.48,1014.2,33.19,31.78,0.02,1038.62
485,4950000,ArrayList,20.29,1005.99,36.39,36.21,0.01,1061.7
486,4950000,ArrayList_Initialized,18.46,1040.17,33.51,33.2,0.01,1074.53
487,4950000,LinkedList,40.71,77.17,100.41,95.64,62.66,0.05
488,4950000,Vector,21.05,1020.12,29.21,29.51,0.02,1043.51
489,4950000,Vector_Initialized,23.66,1037.12,30.12,31.09,0.03,1033.1
490,5000000,ArrayList,11.61,1024.43,29.69,30.28,0.01,1018.55
491,5000000,ArrayList_Initialized,9.76,1057.45,32.22,30.04,0.01,1038.69
492,5000000,LinkedList,9.01,67.35,96.83,93.84,61.92,0.05
493,5000000,Vector,12.41,1008,31.84,32.79,0.02,1032.84
494,5000000,Vector_Initialized,10.61,1002.87,29.16,30.52,0.02,1008.53
495,5050000,ArrayList,20.69,995.38,30.1,30.7,0.01,1020.18
496,5050000,ArrayList_Initialized,19.58,1012.86,28.98,28.06,0.02,1003.01
497,5050000,LinkedList,184.91,79.87,97.61,95.1,62.89,0.06
498,5050000,Vector,9.93,1000.58,32.82,33.09,0.03,1034.33
499,5050000,Vector_Initialized,20.8,1031.04,32.77,32.88,0.02,1017.22
500,5100000,ArrayList,20.35,1009.24,31.29,31.4,0.01,1011.32
501,5100000,ArrayList_Initialized,19.25,1009.42,31.39,30.96,0.01,1015.32
502,5100000,LinkedList,20.76,63.28,96.17,96.05,61.76,0.05
503,5100000,Vector,24.57,1010.16,31.79,31.64,0.03,1025.42
504,5100000,Vector_Initialized,22.46,1014.21,30.25,29.51,0.02,1012.39
505,5150000,ArrayList,20.01,994.94,29,28.63,0.01,1022.42
506,5150000,ArrayList_Initialized,17.63,1005.46,32.31,31.75,0.01,1021.52
507,5150000,LinkedList,19.3,65.75,99.4,100.5,64.92,0.05
508,5150000,Vector,20.83,998.64,33.29,32.79,0.04,1037.86
509,5150000,Vector_Initialized,19.67,1009.94,33.78,34.59,0.02,1015.32
510,5200000,ArrayList,73.27,1019.73,29.1,30.09,0.01,1037.4
511,5200000,ArrayList_Initialized,8.61,1010.13,29.79,27.64,0.01,1029.67
512,5200000,LinkedList,7.67,66.39,98.97,106.75,72.5,0.06
513,5200000,Vector,10.86,1007.74,32.28,32.27,0.02,1012.35
514,5200000,Vector_Initialized,9.1,1009.92,32.56,32.44,0.02,1010.01
515,5250000,ArrayList,14.06,991.83,31.59,31.7,0.01,991.82
516,5250000,ArrayList_Initialized,14.14,997.98,29.92,31.37,0.01,1012.6
517,5250000,LinkedList,13.12,62.93,92.46,93.86,61.85,0.06
518,5250000,Vector,15.7,1030.92,33.31,33.49,0.04,1022.96
519,5250000,Vector_Initialized,14.16,1017.57,31.66,32.13,0.02,1002.98
520,5300000,ArrayList,12.64,989.5,30.92,31.75,0.01,1007.3
521,5300000,ArrayList_Initialized,10.96,993.87,31.89,31.79,0.01,1021.36
522,5300000,LinkedList,9.65,61.81,94.32,92,61.85,0.05
523,5300000,Vector,69.27,1022.77,30.01,30.16,0.02,1012.27
524,5300000,Vector_Initialized,8.63,1003.97,30.72,31.69,0.02,1019.02
525,5350000,ArrayList,21.48,1028,29.73,29.65,0.01,1016.14
526,5350000,ArrayList_Initialized,18.63,1007.14,31.5,31.35,0.01,1034.88
527,5350000,LinkedList,21.51,64.83,95.41,94.84,61.28,0.04
528,5350000,Vector,23.21,1009.37,32.8,33.82,0.03,1014.03
529,5350000,Vector_Initialized,22.12,1003.14,32.49,30.74,0.03,1020.02
530,5400000,ArrayList,19.31,999.39,33.68,34.33,0.01,1016.49
531,5400000,ArrayList_Initialized,16.93,1007.98,31.87,28.57,0.01,1016.65
532,5400000,LinkedList,16.82,63.66,96.31,98.66,63.51,0.05
533,5400000,Vector,22.87,1001,33.52,32.69,0.03,1006.39
534,5400000,Vector_Initialized,18.25,1003.87,29.8,30.14,0.02,1020.64
535,5450000,ArrayList,12.93,1017.8,28.18,29.74,0.01,1004.71
536,5450000,ArrayList_Initialized,11.42,1020.8,31.41,31.93,0.01,1006.7
537,5450000,LinkedList,11.01,62.67,92.46,91.53,61.09,0.05
538,5450000,Vector,13.35,1006.28,30.38,29.63,0.02,1007.87
539,5450000,Vector_Initialized,11.48,993.86,30,30.05,0.02,1024.12
540,5500000,ArrayList,21.08,1013.89,30.95,32.04,0.01,1001.88
541,5500000,ArrayList_Initialized,18.54,1000.89,29.94,31.01,0.01,1036
542,5500000,LinkedList,228.59,73.91,98.29,95.74,61.64,0.05
543,5500000,Vector,9.7,1024.68,31.05,31.08,0.02,1001.81
544,5500000,Vector_Initialized,8.48,1006.97,32.41,32.99,0.02,1018.03
545,5550000,ArrayList,21.68,984.54,30.42,30.18,0.01,1013.6
546,5550000,ArrayList_Initialized,21.34,1016.74,30,31.27,0.01,1014.41
547,5550000,LinkedList,21.4,62.86,95.55,95.36,61.58,0.05
548,5550000,Vector,22.54,997.79,31.75,32.58,0.02,1005.95
549,5550000,Vector_Initialized,22.74,1009.29,30.3,32.85,0.02,1015.71
550,5600000,ArrayList,14.92,1006.72,28.92,29.52,0.02,1010.83
551,5600000,ArrayList_Initialized,13.58,1023.64,31.5,31.6,0.01,1019.12
552,5600000,LinkedList,12.66,61.92,95.66,95.86,62.35,0.05
553,5600000,Vector,16.72,993.81,28.78,29.27,0.02,995.65
554,5600000,Vector_Initialized,15.52,1005.3,30.18,30.39,0.03,1015.63
555,5650000,ArrayList,11.28,1012.99,28.56,31.34,0.01,1005.3
556,5650000,ArrayList_Initialized,9.95,994.97,30.13,29.85,0.01,1020.57
557,5650000,LinkedList,8.77,63.18,94.38,95.01,63.55,0.05
558,5650000,Vector,11.8,1006.2,32.58,32.99,0.02,1014.91
559,5650000,Vector_Initialized,12.3,1018.86,32.66,32.71,0.02,998.06
560,5700000,ArrayList,20.12,1005.19,29.15,30.4,0.01,1017.02
561,5700000,ArrayList_Initialized,19.23,1034.71,29.2,30.14,0.01,1024.65
562,5700000,LinkedList,19.91,62.31,95.91,94.42,60.82,0.05
563,5700000,Vector,24.59,997.08,30.76,31.34,0.03,1009.57
564,5700000,Vector_Initialized,22.39,1002.76,32.96,30.99,0.02,1000.79
565,5750000,ArrayList,16.75,999.21,29.12,30.2,0.01,1010.31
566,5750000,ArrayList_Initialized,13.15,1177.9,29.15,30.01,0.01,1152.69
567,5750000,LinkedList,14.17,63.13,95.49,94.31,62.75,0.04
568,5750000,Vector,16.01,1004.91,30.59,28.92,0.02,1003.3
569,5750000,Vector_Initialized,15.09,1008.48,31.33,30.8,0.02,1029.47
570,5800000,ArrayList,19.53,1007.68,29.03,31.26,0.01,997.03
571,5800000,ArrayList_Initialized,17.61,997.81,29.5,29.63,0.01,1002.71
572,5800000,LinkedList,19.06,63.15,97.26,96.92,62.95,0.05
573,5800000,Vector,21.09,1025.64,30.77,30.47,0.02,1016.5
574,5800000,Vector_Initialized,19.82,991.74,30.31,31.3,0.02,1020.19
575,5850000,ArrayList,16.87,1030.12,28.68,27.78,0.01,1015.74
576,5850000,ArrayList_Initialized,16.06,1007.57,29.41,30.13,0.01,1000.95
577,5850000,LinkedList,15.5,64.04,98.68,97.16,64.36,0.05
578,5850000,Vector,17.77,995.09,28.76,32.07,0.02,1012.72
579,5850000,Vector_Initialized,16.93,998.5,30.29,30.85,0.02,1014.35
580,5900000,ArrayList,20.1,1012.45,31.24,31.76,0.01,1009.11
581,5900000,ArrayList_Initialized,16.77,1007.31,33.35,33.02,0.01,1020.98
582,5900000,LinkedList,17.59,65.76,98.98,93.97,64.14,0.05
583,5900000,Vector,20.23,1012.13,29.7,32.04,0.02,1011.41
584,5900000,Vector_Initialized,14.16,1012.38,31.38,32.04,0.02,1009.72
585,5950000,ArrayList,11.46,1018.79,31.55,34.03,0.01,1040.11
586,5950000,ArrayList_Initialized,9.5,1036.78,31.41,31.58,0.01,1030.73
587,5950000,LinkedList,8.33,61.94,93.95,95.2,61.21,0.05
588,5950000,Vector,11.43,1020.99,33.52,32.63,0.02,1039.93
589,5950000,Vector_Initialized,9.75,1008.66,31.13,30.1,0.02,1013.26
590,6000000,ArrayList,22.83,1005.49,29.92,27.41,0.01,1019.5
591,6000000,ArrayList_Initialized,19.65,1009.71,29.87,30.33,0.01,1025.68
592,6000000,LinkedList,20.75,63.6,96.19,95.47,63.38,0.05
593,6000000,Vector,22.72,1017.79,30.78,30.29,0.02,1013.79
594,6000000,Vector_Initialized,21.92,1012.69,32.67,32.58,0.02,1016.21
595,6050000,ArrayList,19.39,1014.93,29.6,27.79,0.01,1012.56
596,6050000,ArrayList_Initialized,18.22,1021.55,30.78,30.98,0.01,1013.58
597,6050000,LinkedList,19.6,62.46,96.11,92.59,62.3,0.05
598,6050000,Vector,21.81,1004.04,28.95,29.51,0.03,1010.64
599,6050000,Vector_Initialized,21.4,1003.38,29.29,29.68,0.02,1011.45
600,6100000,ArrayList,75.79,1031.06,31.48,32.02,0.01,1023.08
601,6100000,ArrayList_Initialized,8.77,1000.76,28.9,29.89,0.01,1014.03
602,6100000,LinkedList,6,62.87,93.79,94.57,61.3,0.05
603,6100000,Vector,9.85,1001.52,32.19,31.99,0.02,1030.3
604,6100000,Vector_Initialized,9.03,1021.6,28.51,31.57,0.02,1016.08
605,6150000,ArrayList,15.69,1003.04,31,31.63,0.01,1012.84
606,6150000,ArrayList_Initialized,14.75,1022.99,28.7,31.01,0.01,1009.97
607,6150000,LinkedList,14.08,61.94,95.87,96.26,62.4,0.05
608,6150000,Vector,17.19,1012.2,30.78,32.92,0.02,1027.05
609,6150000,Vector_Initialized,19.36,1010.93,32.75,32.91,0.02,1010.24
610,6200000,ArrayList,15.12,1020.89,33.13,31.92,0.01,1025.63
611,6200000,ArrayList_Initialized,13.39,997.02,31.47,31.24,0.01,1033.63
612,6200000,LinkedList,14.6,65.36,96.39,97.89,64.17,0.05
613,6200000,Vector,16.65,1006.77,32.57,32.59,0.02,1016.39
614,6200000,Vector_Initialized,15.12,1011.47,30.65,30.45,0.02,1010.57
615,6250000,ArrayList,15.79,1011.09,29.67,30.55,0.01,1010.34
616,6250000,ArrayList_Initialized,12.51,1033.46,27.9,27.87,0.01,1003.23
617,6250000,LinkedList,7.05,66.1,94.35,95.63,62.86,0.05
618,6250000,Vector,10.11,1038.14,33.05,31.71,0.02,1004.73
619,6250000,Vector_Initialized,9.32,998.77,32.15,32.17,0.03,1008.58
620,6300000,ArrayList,11.55,1007.71,31.56,31.18,0.01,1004.94
621,6300000,ArrayList_Initialized,9.95,996.57,31.31,28.67,0.01,1020.46
622,6300000,LinkedList,9.29,63.08,93.41,93.03,61.93,0.05
623,6300000,Vector,11.8,999.47,32.14,32.13,0.02,1017.77
624,6300000,Vector_Initialized,11.44,1002.57,32.02,32.12,0.02,998.69
625,6350000,ArrayList,20.35,1006.91,33.98,31.19,0.01,1011.44
626,6350000,ArrayList_Initialized,18.68,983.96,28.48,28.5,0.01,988.45
627,6350000,LinkedList,20.12,62.39,90.65,94.02,61.28,0.05
628,6350000,Vector,23.43,1000.4,30.71,31.83,0.02,995.97
629,6350000,Vector_Initialized,22.08,1002.04,30.52,30.91,0.02,993.88
630,6400000,ArrayList,19.11,995.68,30.75,31.41,0.01,1007.47
631,6400000,ArrayList_Initialized,18.11,994.23,35.38,32.54,0.01,994.07
632,6400000,LinkedList,19.52,64.46,94.61,93.02,61.96,0.06
633,6400000,Vector,21.08,1043.2,32.45,33.05,0.02,1024.59
634,6400000,Vector_Initialized,14.35,1026.48,32.4,32.39,0.02,998.98
635,6450000,ArrayList,11.3,1018.54,28.88,28.99,0.01,1030.74
636,6450000,ArrayList_Initialized,9.18,1007.12,29.13,30.96,0.01,1004.82
637,6450000,LinkedList,8.14,63.87,94.55,91.62,61.39,0.05
638,6450000,Vector,10.77,994.92,30.59,29.13,0.02,1004.87
639,6450000,Vector_Initialized,10.73,999.87,31.76,31.66,0.02,1011.65
640,6500000,ArrayList,23.03,1004.83,29.47,27.73,0.01,1001.67
641,6500000,ArrayList_Initialized,18.9,1015.15,29.6,30.04,0.01,1015.45
642,6500000,LinkedList,20.66,62.39,99.05,99.81,63.65,0.05
643,6500000,Vector,28.4,1006.81,31.71,29.86,0.02,1004.92
644,6500000,Vector_Initialized,22.02,1019.37,32.31,30.16,0.02,1037.8
645,6550000,ArrayList,17.67,1021.31,30.2,29.36,0.01,1004.89
646,6550000,ArrayList_Initialized,15.98,1011,31.34,29.05,0.01,1015.73
647,6550000,LinkedList,17.02,65.53,99.21,99.75,65.81,0.06
648,6550000,Vector,20.09,1037.17,31.75,30.04,0.02,1013.35
649,6550000,Vector_Initialized,14,1016,32.9,33.4,0.03,1010.86
650,6600000,ArrayList,11.03,1027.65,29.81,31.36,0.01,1029.61
651,6600000,ArrayList_Initialized,9.01,1012.76,31.29,30.91,0.01,1067.08
652,6600000,LinkedList,8.01,63.9,94.07,93.39,61.86,0.05
653,6600000,Vector,11.99,1032.58,31.94,32.64,0.02,1015.18
654,6600000,Vector_Initialized,10.33,1010.9,31.34,33.29,0.02,1022.8
655,6650000,ArrayList,21.05,999.27,31.69,31.35,0.01,1009.23
656,6650000,ArrayList_Initialized,19.81,1000.21,29.13,30.95,0.01,1010.13
657,6650000,LinkedList,20.74,62.76,99.38,101.1,64.75,0.05
658,6650000,Vector,28.08,1036.27,30.5,30.28,0.02,1181.99
659,6650000,Vector_Initialized,35.99,1065.18,34.23,32.65,0.02,1040.49
660,6700000,ArrayList,20.51,1000.34,29.12,28.78,0.01,994.59
661,6700000,ArrayList_Initialized,19.25,998.55,28.34,29.41,0.01,990.97
662,6700000,LinkedList,162,73.08,100.27,95.06,62.15,0.07
663,6700000,Vector,10.5,1000.68,30.11,30.17,0.04,1022.75
664,6700000,Vector_Initialized,8.12,989.81,29.94,31.32,0.02,997.75
665,6750000,ArrayList,75.28,1023.61,31,28.83,0.01,1014.6
666,6750000,ArrayList_Initialized,8.21,989.69,31.21,31.29,0.01,1014.33
667,6750000,LinkedList,7.2,63.59,96.87,95.78,61.96,0.04
668,6750000,Vector,9.65,1000.51,32.56,29.32,0.02,986.56
669,6750000,Vector_Initialized,8.36,1007.54,29.95,32.92,0.02,1003.57
670,6800000,ArrayList,15.52,1017.16,29.08,28.65,0.01,1011.72
671,6800000,ArrayList_Initialized,13.69,1012.8,31.58,29.85,0.01,1014.25
672,6800000,LinkedList,12.94,64.9,97.68,95.89,61.97,0.05
673,6800000,Vector,16,990.88,31.35,32.94,0.02,1035.51
674,6800000,Vector_Initialized,14.71,1013.23,31.52,30.46,0.02,1010.88
675,6850000,ArrayList,16.4,1017.39,33.84,34.66,0.01,1006.41
676,6850000,ArrayList_Initialized,13.67,1000.59,28.44,28.39,0.01,1004.39
677,6850000,LinkedList,14.74,63.16,94.42,95.63,61.52,0.05
678,6850000,Vector,17.46,1003.74,32.39,32.21,0.02,1017.02
679,6850000,Vector_Initialized,15.89,1015.38,32.87,31.75,0.02,1019.08
680,6900000,ArrayList,19.82,1018.15,29.99,29.58,0.01,1030.62
681,6900000,ArrayList_Initialized,15.9,1014.27,30.74,32.1,0.01,1131.89
682,6900000,LinkedList,18.86,71.15,102.92,98.28,61.65,0.05
683,6900000,Vector,19.75,1013.1,32.46,32.16,0.02,1049.68
684,6900000,Vector_Initialized,22.48,1023.1,33.13,33.06,0.03,1015.24
685,6950000,ArrayList,17.82,1019.99,30.11,29.83,0.01,1006.93
686,6950000,ArrayList_Initialized,13.67,1000.62,31.56,31.98,0.01,1015.97
687,6950000,LinkedList,12.66,62.78,98.55,97.17,62.34,0.04
688,6950000,Vector,16.68,1013.08,30.02,30.75,0.02,1021.9
689,6950000,Vector_Initialized,14.33,1003.24,32.44,32.56,0.02,1024.17
690,7000000,ArrayList,18.1,1016.88,31.57,28.24,0.01,1006.13
691,7000000,ArrayList_Initialized,14.22,1023.69,32.34,27.59,0.01,1027.26
692,7000000,LinkedList,14.9,62.16,91.93,94.45,62.11,0.04
693,7000000,Vector,16.93,985.3,30.43,31.03,0.02,1008.54
694,7000000,Vector_Initialized,16.55,1012.35,32.5,36.68,0.02,1035.21
695,7050000,ArrayList,11.42,1002.92,31.61,31.46,0.01,996.48
696,7050000,ArrayList_Initialized,9.54,999.66,31.55,31.4,0.01,1019.22
697,7050000,LinkedList,9.44,63.06,95.54,95.52,61.78,0.05
698,7050000,Vector,12.26,1011.57,32.3,31.51,0.02,1024.14
699,7050000,Vector_Initialized,14.47,1022.34,30.97,30.9,0.02,1015.93
700,7100000,ArrayList,11.92,998.29,28.96,28.64,0.01,1018.19
701,7100000,ArrayList_Initialized,10.58,1009.54,31.61,31.28,0.01,1037.87
702,7100000,LinkedList,11.68,66.48,95.32,98.36,61.43,0.07
703,7100000,Vector,12.26,1006.3,32.51,32.32,0.02,999.65
704,7100000,Vector_Initialized,11.02,1008.85,32.11,31.13,0.02,1004.41
705,7150000,ArrayList,20.45,1006.29,31.14,31.43,0.01,1013.49
706,7150000,ArrayList_Initialized,18.81,1020.89,30.92,28.41,0.01,1001.61
707,7150000,LinkedList,20.82,62.52,96.29,94.8,62.12,0.05
708,7150000,Vector,22.51,1014.19,28.6,30.72,0.02,1023.06
709,7150000,Vector_Initialized,22.1,1008.37,31.98,32.39,0.02,1007.53
710,7200000,ArrayList,99.22,1007.32,28.42,28.24,0.01,1011.86
711,7200000,ArrayList_Initialized,7.96,1002.55,30.27,27.84,0.01,1009.73
712,7200000,LinkedList,6.3,62.45,96.36,96.26,62.12,0.05
713,7200000,Vector,9.91,1017.91,32.28,32.92,0.02,1025.98
714,7200000,Vector_Initialized,8.35,1006.31,33.01,31.87,0.02,1024.37
715,7250000,ArrayList,71.57,1008.07,28.86,28.13,0.01,1019.49
716,7250000,ArrayList_Initialized,8.7,1032.93,28.28,28.65,0.01,1024.47
717,7250000,LinkedList,7.23,62.85,95.54,91.05,60.99,0.05
718,7250000,Vector,9.62,993.84,31.66,32.53,0.02,1031.67
719,7250000,Vector_Initialized,8.26,1005.82,31.7,32.22,0.02,1035.13
720,7300000,ArrayList,22.76,1060.27,31.96,32.17,0.01,1032.27
721,7300000,ArrayList_Initialized,19.2,1041.76,31.14,33.14,0.01,992.35
722,7300000,LinkedList,20.45,62.41,96.31,96.46,62.52,0.05
723,7300000,Vector,23.95,999.74,32.88,33.74,0.02,1018.91
724,7300000,Vector_Initialized,22.08,999.84,31.01,29.7,0.02,1023.73
725,7350000,ArrayList,20.38,1017.49,28.36,28.91,0.01,1005.33
726,7350000,ArrayList_Initialized,17.56,1014.24,34.53,34.27,0.01,1026.1
727,7350000,LinkedList,19.74,61.48,96.77,97.41,63.62,0.05
728,7350000,Vector,21.06,1003.94,29.57,30.66,0.02,1026.49
729,7350000,Vector_Initialized,20.48,994.46,29.72,30.06,0.02,995.91
730,7400000,ArrayList,12.86,999.3,29.96,31.13,0.01,1001.07
731,7400000,ArrayList_Initialized,10.99,990.99,30.79,30.93,0.01,1005.81
732,7400000,LinkedList,10.67,63.04,95.89,94.92,61.07,0.05
733,7400000,Vector,13.03,1010.83,31.77,28.95,0.02,995.64
734,7400000,Vector_Initialized,12.79,999.14,31.53,31.63,0.02,1034.49
735,7450000,ArrayList,16.12,1009.73,32.01,31.44,0.01,1005.35
736,7450000,ArrayList_Initialized,14.08,998.6,28.89,29.3,0.02,1002.84
737,7450000,LinkedList,16.36,62.52,93.76,93.78,62.78,0.09
738,7450000,Vector,16.54,1026.16,30.67,32.37,0.02,1011.86
739,7450000,Vector_Initialized,16.44,1039.57,29.91,29.07,0.02,1011.23
740,7500000,ArrayList,12.2,1013.98,35.43,34.06,0.01,1025.09
741,7500000,ArrayList_Initialized,7.91,1007.73,34.8,31.52,0.01,1036.76
742,7500000,LinkedList,8.1,64.52,96.41,94.04,61.79,0.05
743,7500000,Vector,9.92,1004.64,33.1,31.54,0.02,1029.35
744,7500000,Vector_Initialized,23.1,1014.24,32.83,32.59,0.02,1041.27
745,7550000,ArrayList,24.75,1003.85,33.66,31.01,0.01,1034.99
746,7550000,ArrayList_Initialized,18.63,1031.98,31.39,32.44,0.01,1041.67
747,7550000,LinkedList,20.85,64.57,96.16,95.92,62.04,0.03
748,7550000,Vector,23.67,1023.9,33.43,33.25,0.02,1007.63
749,7550000,Vector_Initialized,21.51,1046.88,32.47,32.39,0.02,1027.35
750,7600000,ArrayList,18.33,1006.76,28.69,31.91,0.01,1028.99
751,7600000,ArrayList_Initialized,16.85,1018.91,31.79,31.23,0.01,1013.32
752,7600000,LinkedList,16.2,62.49,93.48,98.29,64.21,0.06
753,7600000,Vector,20.27,1010.71,32.05,32.64,0.02,1001.53
754,7600000,Vector_Initialized,17.86,1006.93,29.61,30.1,0.02,1010.68
755,7650000,ArrayList,65.82,1019.58,30.67,31.01,0.01,1025.18
756,7650000,ArrayList_Initialized,10.1,1014.5,28.3,28.2,0.01,1010.56
757,7650000,LinkedList,7.5,63.11,91.41,92.05,61.18,0.04
758,7650000,Vector,11.51,998.07,31.43,31.7,0.02,1016.74
759,7650000,Vector_Initialized,8.65,1016.11,33.06,33.01,0.02,1018.93
760,7700000,ArrayList,22.74,1024.52,30.19,30.44,0.01,1014.11
761,7700000,ArrayList_Initialized,19.06,1033.55,30.24,29.87,0.01,1025.31
762,7700000,LinkedList,22.48,63.14,96.92,95.92,65.22,0.06
763,7700000,Vector,24.95,997.72,30.66,30.85,0.02,1025.78
764,7700000,Vector_Initialized,23.5,1000.85,32.53,32.64,0.02,1007.92
765,7750000,ArrayList,16.28,1014.58,31.74,31.8,0.01,1030.7
766,7750000,ArrayList_Initialized,14.98,995.77,31.63,32.06,0.01,1018.27
767,7750000,LinkedList,14.82,63.26,95.53,96.36,62.22,0.05
768,7750000,Vector,17.99,993.87,31.85,30.78,0.02,1026.49
769,7750000,Vector_Initialized,16.43,1031.86,29.74,31.62,0.02,1021.48
770,7800000,ArrayList,64.64,1051.1,32.1,29.83,0.01,1012.92
771,7800000,ArrayList_Initialized,8.68,1023.17,32.57,28.87,0.01,1034.03
772,7800000,LinkedList,7.55,63.91,98.11,96.57,62.4,0.05
773,7800000,Vector,11.25,1031.29,31.15,31.55,0.02,1015.07
774,7800000,Vector_Initialized,8.22,1024.14,32.49,30.84,0.03,1021.43
775,7850000,ArrayList,21.61,1034.64,29.63,30.92,0.01,1017.64
776,7850000,ArrayList_Initialized,20.59,1017.01,30.92,31.8,0.01,1003.67
777,7850000,LinkedList,20.51,63.75,116.56,95.81,64.53,0.05
778,7850000,Vector,23.17,1020.81,31.62,31.69,0.02,1003.61
779,7850000,Vector_Initialized,22.43,1007.89,33.12,32.59,0.02,1028.14
780,7900000,ArrayList,17.67,1010.51,29.13,30.94,0.01,1012.73
781,7900000,ArrayList_Initialized,16.36,1010.14,31.75,31.53,0.01,1035.47
782,7900000,LinkedList,17.71,67.67,101.36,101.32,70.07,0.06
783,7900000,Vector,20.91,1017.34,33.21,32.72,0.02,1020.83
784,7900000,Vector_Initialized,18.16,1012.73,32,31.05,0.02,1008.96
785,7950000,ArrayList,65.53,1026.13,32.81,32.37,0.01,1016.34
786,7950000,ArrayList_Initialized,8.35,1004.93,30.01,30.61,0.01,1007.55
787,7950000,LinkedList,7.15,62.71,96.58,96.73,62.47,0.05
788,7950000,Vector,10.06,996.09,32.63,30.21,0.02,1021.24
789,7950000,Vector_Initialized,8.85,1011.28,33.42,31.89,0.02,1018.99
790,8000000,ArrayList,13.1,1006.71,31.4,31.28,0.01,1005.57
791,8000000,ArrayList_Initialized,11.58,1021.51,29.05,30.52,0.01,1007.48
792,8000000,LinkedList,11.29,63.87,96.38,98.85,69.85,0.04
793,8000000,Vector,13.82,1030.18,33.72,28.86,0.02,1002.56
794,8000000,Vector_Initialized,12.92,999.94,31.03,29.39,0.02,1042.27
795,8050000,ArrayList,20.54,1026.09,32.25,32.14,0.01,1035.02
796,8050000,ArrayList_Initialized,19.12,1041.06,32.17,32.08,0.01,1020.91
797,8050000,LinkedList,175.61,74.27,101.69,99.79,64.41,0.06
798,8050000,Vector,8.92,1063.42,30.25,32.51,0.02,1007.82
799,8050000,Vector_Initialized,10.49,1014.56,33.48,33.46,0.02,1046.42
800,8100000,ArrayList,15.58,1005.2,31.24,30.33,0.01,1014.04
801,8100000,ArrayList_Initialized,14.2,1022.09,31.59,31.59,0.01,1007.65
802,8100000,LinkedList,6.95,66.53,99.02,98.28,64.31,0.05
803,8100000,Vector,9.45,1022.5,30.15,34.29,0.02,1063.85
804,8100000,Vector_Initialized,8.95,1007.74,32.53,35.93,0.02,1030.12
805,8150000,ArrayList,13.62,1001.34,30.28,30.77,0.01,1059.11
806,8150000,ArrayList_Initialized,8.62,1048.1,29.94,29.49,0.01,1032.84
807,8150000,LinkedList,7.03,69.44,96.54,96.83,62.64,0.05
808,8150000,Vector,9.08,1021.19,33.03,33.21,0.02,1021.55
809,8150000,Vector_Initialized,8.85,1005.28,33.18,31.41,0.02,1018.83
810,8200000,ArrayList,21,1011.52,32.46,31.92,0.01,1026.76
811,8200000,ArrayList_Initialized,30.92,1020.91,31.06,30.92,0.01,1006.41
812,8200000,LinkedList,21.8,63.38,95.67,97.89,63.39,0.05
813,8200000,Vector,22.4,1004.9,31.38,29.72,0.02,1030.33
814,8200000,Vector_Initialized,21.98,1027.62,33.05,33.09,0.02,1011.22
815,8250000,ArrayList,17.47,1008.38,28.3,29.43,0.01,1018.04
816,8250000,ArrayList_Initialized,15.29,1013.59,32.87,27.99,0.01,1011.93
817,8250000,LinkedList,14.96,63.81,96.81,96.7,62,0.05
818,8250000,Vector,18.56,1025.9,30.43,31.02,0.05,1013.85
819,8250000,Vector_Initialized,17.18,1025.75,32.8,33.06,0.02,1012.4
820,8300000,ArrayList,148.37,1050.83,30.24,30.19,0.01,1053.28
821,8300000,ArrayList_Initialized,7.49,1019.57,28.3,28.71,0.01,1041.85
822,8300000,LinkedList,6.71,64.47,98.29,99.82,65.94,0.05
823,8300000,Vector,9.79,1008.68,29.9,32.32,0.02,1020.14
824,8300000,Vector_Initialized,8.48,1028.27,33.03,32.92,0.02,1004.77
825,8350000,ArrayList,10.97,1051.57,54.25,52.98,0.01,1031.83
826,8350000,ArrayList_Initialized,9.83,1012.72,31.97,31.78,0.01,1017.29
827,8350000,LinkedList,8.84,64.19,94.47,93.78,61.58,0.05
828,8350000,Vector,13.06,1001.15,31.9,32.65,0.02,1025.17
829,8350000,Vector_Initialized,10.45,1010.59,31.78,32,0.02,1041.75
830,8400000,ArrayList,20.53,1013,30.77,30.77,0.01,1022.14
831,8400000,ArrayList_Initialized,18.78,1001.78,31.83,30.11,0.01,1015.52
832,8400000,LinkedList,21.77,64.94,101.82,100.43,69.08,0.06
833,8400000,Vector,24.45,1039.71,33.3,33.13,0.02,1015.74
834,8400000,Vector_Initialized,22.61,1021,32.5,31.98,0.02,1012.84
835,8450000,ArrayList,19.3,1033.75,29.38,32.85,0.01,1031.06
836,8450000,ArrayList_Initialized,18.14,1009.73,30.14,29.32,0.01,1028.9
837,8450000,LinkedList,19.74,62.47,92.25,92.7,61.16,0.05
838,8450000,Vector,22.11,1010.62,29.01,29.71,0.03,1010.48
839,8450000,Vector_Initialized,20.95,991.4,32.84,31.31,0.02,1025.98
840,8500000,ArrayList,19.03,1024.89,31.42,31.89,0.01,1021.38
841,8500000,ArrayList_Initialized,16.91,994.77,35.47,35.53,0.01,1028.22
842,8500000,LinkedList,18.18,63.63,98.69,98.63,64.58,0.04
843,8500000,Vector,20.76,1016.27,35.12,34.49,0.02,1010.5
844,8500000,Vector_Initialized,19.2,1008.5,31.5,32.3,0.02,1016.04
845,8550000,ArrayList,15.2,1007.92,27.82,27.9,0.01,1024.91
846,8550000,ArrayList_Initialized,13.46,1022.66,28.25,28.18,0.01,1001.09
847,8550000,LinkedList,14.58,63.01,96.99,95.18,61.12,0.05
848,8550000,Vector,17.56,1009.91,32.9,33.15,0.02,1026.98
849,8550000,Vector_Initialized,16.77,1026.23,29.22,30.13,0.02,1022.09
850,8600000,ArrayList,16.18,1024.54,31.85,31.84,0.01,1023.44
851,8600000,ArrayList_Initialized,14.24,1015.96,32.13,31.75,0.01,1022.66
852,8600000,LinkedList,14.18,63.17,95.24,96.36,63.57,0.05
853,8600000,Vector,17.49,1040.49,32.61,32.77,0.02,1037.02
854,8600000,Vector_Initialized,15.61,1004.32,31.81,31.24,0.02,1024.75
855,8650000,ArrayList,62.25,1006.88,30.28,28.73,0.01,1040.03
856,8650000,ArrayList_Initialized,8.58,1019.49,30.79,31.44,0.01,1028.11
857,8650000,LinkedList,6.33,63.45,94.09,92.4,65.64,0.06
858,8650000,Vector,11.36,996.15,29.78,30.26,0.04,999.07
859,8650000,Vector_Initialized,8.99,1010.38,32.06,35.38,0.04,1019.94
860,8700000,ArrayList,20.46,1000.58,32.01,31.59,0.01,1025.78
861,8700000,ArrayList_Initialized,18.63,1035.53,30.14,30.64,0.01,1021.94
862,8700000,LinkedList,20.02,61.51,94.78,96.85,62.49,0.04
863,8700000,Vector,24.37,1013.71,33.02,33.09,0.02,1015.88
864,8700000,Vector_Initialized,22.09,1010.11,33.18,33.13,0.02,1010.97
865,8750000,ArrayList,15.06,1041.58,32.71,31.98,0.01,1013.26
866,8750000,ArrayList_Initialized,13.96,1014.68,32.3,32.28,0.01,1024.01
867,8750000,LinkedList,12.83,62.72,97.45,94.59,62.02,0.05
868,8750000,Vector,16.93,1043.41,31.23,34.24,0.06,1062.63
869,8750000,Vector_Initialized,16.61,1035.97,31.05,33.18,0.02,1055.26
870,8800000,ArrayList,23.96,1004.08,32.1,31.67,0.01,1028.14
871,8800000,ArrayList_Initialized,18.16,1017.75,32.03,31.62,0.01,1024.63
872,8800000,LinkedList,20.31,65.22,96.95,96.17,63.39,0.05
873,8800000,Vector,23.15,1004.97,32.08,32.17,0.02,1031.76
874,8800000,Vector_Initialized,21.3,1007.79,33.09,33.14,0.02,1038.03
875,8850000,ArrayList,15.68,1005.12,31.96,34.49,0.01,1018.13
876,8850000,ArrayList_Initialized,13.75,1009.6,29.39,30.63,0.01,1010.59
877,8850000,LinkedList,16.04,61.65,95.99,95.18,62.34,0.05
878,8850000,Vector,16.18,992.5,32.94,32.91,0.02,1009.42
879,8850000,Vector_Initialized,15.65,1011.6,31.84,32.34,0.02,1018.19
880,8900000,ArrayList,17.58,1012.26,29.84,31.1,0.01,1026.49
881,8900000,ArrayList_Initialized,15.97,1005.79,30.71,30.54,0.01,1009.67
882,8900000,LinkedList,16.32,61.79,92.51,97.06,63.34,0.05
883,8900000,Vector,20.22,1006.56,31.62,31.95,0.04,1005.74
884,8900000,Vector_Initialized,18.46,1006.09,31.49,29.99,0.02,1067.31
885,8950000,ArrayList,11.18,1033.89,29.91,31.02,0.01,1021.38
886,8950000,ArrayList_Initialized,9.78,1008.39,31.47,31.34,0.01,1015.39
887,8950000,LinkedList,9.08,62.18,95.37,95.34,62.66,0.05
888,8950000,Vector,11.31,1018.98,32.33,32.55,0.02,1016.69
889,8950000,Vector_Initialized,10.51,995.27,30.46,31.91,0.02,1014.65
890,9000000,ArrayList,115.56,1051.59,29.01,28.95,0.01,999.42
891,9000000,ArrayList_Initialized,8.03,986.13,29.05,29.89,0.01,1003.65
892,9000000,LinkedList,7.81,62.44,93.8,96.82,62.05,0.03
893,9000000,Vector,9.65,1008.84,31.42,30,0.02,1005.68
894,9000000,Vector_Initialized,8.94,1018.18,31.07,29.4,0.02,1021.42
895,9050000,ArrayList,13.27,1002.26,32.12,31.39,0.01,1015.51
896,9050000,ArrayList_Initialized,10.54,997.7,30.42,27.71,0.01,1005.49
897,9050000,LinkedList,9.65,63.62,93.38,94.75,61.81,0.05
898,9050000,Vector,12.28,1010.09,31.59,31.64,0.02,1017.58
899,9050000,Vector_Initialized,11.4,1024.58,30.97,30.73,0.02,1012.12
900,9100000,ArrayList,22.41,1006.62,30.48,29.89,0.01,1051.02
901,9100000,ArrayList_Initialized,20.9,1011,30.53,30.37,0.01,1016.23
902,9100000,LinkedList,21.72,62.6,96.37,94.27,62.5,0.05
903,9100000,Vector,23.33,1010.12,31.83,31.71,0.02,1023.04
904,9100000,Vector_Initialized,22.79,1012.6,29.75,29.61,0.02,1012.13
905,9150000,ArrayList,11.32,997.94,30.78,31.2,0.01,996.67
906,9150000,ArrayList_Initialized,9.21,1026.41,29.28,31.61,0.01,1026.95
907,9150000,LinkedList,73.41,68.04,96.31,97.04,62.72,0.06
908,9150000,Vector,10.23,1015.91,32.77,32.46,0.02,1027.36
909,9150000,Vector_Initialized,8.68,1038.45,30.88,30.4,0.03,1030.25
910,9200000,ArrayList,10.92,1024.25,31.43,31.6,0.01,1023.81
911,9200000,ArrayList_Initialized,9,1004.81,31.36,31.28,0.01,1001.5
912,9200000,LinkedList,7.54,61.67,92.11,96.42,63.03,0.05
913,9200000,Vector,11.25,1004.36,31.84,31.25,0.02,1008.73
914,9200000,Vector_Initialized,13.09,1014.1,30.85,30.83,0.02,1021.77
915,9250000,ArrayList,13.23,1003.51,29.65,29.1,0.01,1013.49
916,9250000,ArrayList_Initialized,11.28,1002.37,29.91,30.89,0.01,1018.78
917,9250000,LinkedList,11.15,62.45,95.7,95.98,62.67,0.05
918,9250000,Vector,13.68,1012.53,31.72,32.65,0.02,1006.23
919,9250000,Vector_Initialized,12.5,1006.43,29.7,30.68,0.02,1018.63
920,9300000,ArrayList,14.9,990.16,31.28,30.82,0.01,1020.7
921,9300000,ArrayList_Initialized,12.32,1007.82,30.78,30.74,0.01,1015.2
922,9300000,LinkedList,13.24,61.68,91.73,95.54,61.7,0.05
923,9300000,Vector,15.31,1011.8,31.25,28.35,0.02,1000
924,9300000,Vector_Initialized,13.36,1002.96,32.43,32.49,0.02,1015.29
925,9350000,ArrayList,16.69,1013.23,32.02,31.27,0.01,1022.72
926,9350000,ArrayList_Initialized,13.02,1029.99,29.88,31.65,0.01,1025.61
927,9350000,LinkedList,6.86,61.83,92.31,96.82,62.6,0.06
928,9350000,Vector,10.44,993.97,31.25,28.87,0.02,992.76
929,9350000,Vector_Initialized,8.46,1008.37,29.65,30.99,0.02,1008.47
930,9400000,ArrayList,11.72,999.43,30.62,27.58,0.01,1020.73
931,9400000,ArrayList_Initialized,10.16,1007.37,31.17,31.05,0.01,1006.44
932,9400000,LinkedList,9.15,62.49,95.26,95.97,64.22,0.06
933,9400000,Vector,13.06,1023.79,32.32,32.7,0.02,1030.66
934,9400000,Vector_Initialized,11.35,1009.79,31.08,32.5,0.02,1016.52
935,9450000,ArrayList,10.9,1008.87,31.5,31.42,0.01,1030.2
936,9450000,ArrayList_Initialized,13.14,1014.77,31.04,30.65,0.01,1017.1
937,9450000,LinkedList,6.19,63.23,96.45,97.08,63.16,0.05
938,9450000,Vector,10.55,1005.47,29.56,29.54,0.02,1007.97
939,9450000,Vector_Initialized,9.18,1003.73,29.12,29.07,0.02,1003.61
940,9500000,ArrayList,21.12,1023.5,34.43,31.23,0.01,1112.19
941,9500000,ArrayList_Initialized,21.64,1032.88,32.24,34.08,0.01,1033.07
942,9500000,LinkedList,21.46,62.24,96.62,99.03,65.2,0.05
943,9500000,Vector,25.78,1032.47,32.78,31.22,0.02,1035.6
944,9500000,Vector_Initialized,21.63,1049.35,30.45,31.32,0.02,1026.74
945,9550000,ArrayList,18.34,1012.7,31.21,31.58,0.01,1041.01
946,9550000,ArrayList_Initialized,16.44,995.82,28.43,29.21,0.01,1010.9
947,9550000,LinkedList,17.06,63.28,97.37,97.21,62.64,0.05
948,9550000,Vector,19.85,1024.01,32.36,32.27,0.02,1010.72
949,9550000,Vector_Initialized,18.82,1009,28.73,31.65,0.02,1014.82
950,9600000,ArrayList,12.02,1013.49,31.62,31.56,0.01,1016.42
951,9600000,ArrayList_Initialized,11.03,1019.11,30.89,33.78,0.01,1016.25
952,9600000,LinkedList,10.81,62.63,96.29,96.54,62.47,0.05
953,9600000,Vector,14.04,1010.03,32.41,32.64,0.02,1023.63
954,9600000,Vector_Initialized,11.88,1004.22,29.91,30.04,0.02,1010.41
955,9650000,ArrayList,10.14,1001.69,30.68,31.7,0.01,1017.22
956,9650000,ArrayList_Initialized,8.45,1005.04,28.61,31.15,0.01,1047.54
957,9650000,LinkedList,7.97,64.61,99.29,99.42,64.46,0.05
958,9650000,Vector,11.51,1006.51,32.24,32.1,0.02,1019.39
959,9650000,Vector_Initialized,11.1,1020.8,29.14,31.64,0.02,993.98
960,9700000,ArrayList,21.72,1015.95,29.26,28.75,0.01,1031.67
961,9700000,ArrayList_Initialized,20.15,1014.29,29.9,29.78,0.01,1025.06
962,9700000,LinkedList,20.63,61.98,94.81,95.44,61.76,0.05
963,9700000,Vector,24.25,1011.24,32.63,32.7,0.02,1046.09
964,9700000,Vector_Initialized,25.26,1035.84,31.17,31.78,0.02,1020.77
965,9750000,ArrayList,12.86,1034.05,27.7,29.48,0.01,999.13
966,9750000,ArrayList_Initialized,11.7,1003.02,30.92,30.98,0.01,1017.17
967,9750000,LinkedList,9.12,62.57,94.83,94.63,62.6,0.04
968,9750000,Vector,12.91,1017.2,31.72,31.15,0.02,1006.17
969,9750000,Vector_Initialized,12.2,1005.07,33.61,32.71,0.02,1022.37
970,9800000,ArrayList,20.78,1019.93,32.11,31.69,0.01,1017.44
971,9800000,ArrayList_Initialized,18.97,1001.77,29.61,32.07,0.01,1022.89
972,9800000,LinkedList,272.76,73.13,104.39,98.14,63.44,0.06
973,9800000,Vector,8.6,1010.92,30.35,31.24,0.02,1033.23
974,9800000,Vector_Initialized,9.25,1023.44,30.34,31.02,0.02,1026.33
975,9850000,ArrayList,20.78,1001.06,35.05,32.17,0.01,1012.92
976,9850000,ArrayList_Initialized,19.44,1020.29,35.84,34.78,0.01,1019.52
977,9850000,LinkedList,22.32,64.49,93.43,99.39,64.57,0.05
978,9850000,Vector,26.79,1016.04,33.35,33.16,0.02,1014.05
979,9850000,Vector_Initialized,22.11,1013.39,30.01,30.08,0.02,1011.17
980,9900000,ArrayList,10.19,1077.78,29.31,30.46,0.01,1013.76
981,9900000,ArrayList_Initialized,8.42,1012.56,32.88,32.17,0.01,1034.89
982,9900000,LinkedList,131.73,72.46,95.46,95.58,62.38,0.06
983,9900000,Vector,10.05,1004.27,32.02,31.49,0.02,1166.81
984,9900000,Vector_Initialized,8.61,1151.98,29.77,30.29,0.03,1024.75
985,9950000,ArrayList,14.14,1007.08,31.37,30.98,0.01,1050.55
986,9950000,ArrayList_Initialized,15.7,1026.29,28.96,28.91,0.01,1017.81
987,9950000,LinkedList,13.09,63.12,97.84,97.58,62.52,0.05
988,9950000,Vector,17.99,1014.28,31.35,32.13,0.02,1042.53
989,9950000,Vector_Initialized,14.55,1006,33.36,33.24,0.02,1021.82
990,10000000,ArrayList,13.39,1045.79,31.87,30.65,0.01,1024.5
991,10000000,ArrayList_Initialized,11.57,1020.34,30.97,31.55,0.01,1029.96
992,10000000,LinkedList,13.63,66.22,100.34,97.24,63.14,0.05
993,10000000,Vector,14.27,1041.94,31.48,29.84,0.03,1013.59
994,10000000,Vector_Initialized,12.43,1015.77,30.38,32.64,0.02,1037.91
995,10050000,ArrayList,17.17,992.62,29.79,30.08,0.01,1008.55
996,10050000,ArrayList_Initialized,14.21,1078.29,37.58,31.54,0.01,1023.62
997,10050000,LinkedList,6.86,64.81,97.05,96.43,62.93,0.04
998,10050000,Vector,10.05,1016.33,33.08,32.73,0.02,1037.25
999,10050000,Vector_Initialized,8.65,1027.03,32.72,32.82,0.02,1015.95
